<?xml version="1.0" ?>
<manifest identifier="com.to-scorm.youtube.I@@timestamp@@" version="1"
       xmlns="http://www.imsproject.org/xsd/imscp_rootv1p1p2"
       xmlns:adlcp="http://www.adlnet.org/xsd/adlcp_rootv1p2"
       xmlns:xsi="http://www.w3.org/2001/XMLSchema-instance"
       xsi:schemaLocation="http://www.imsproject.org/xsd/imscp_rootv1p1p2 imscp_rootv1p1p2.xsd
                           http://www.imsglobal.org/xsd/imsmd_rootv1p2p1 imsmd_rootv1p2p1.xsd
                           http://www.adlnet.org/xsd/adlcp_rootv1p2 adlcp_rootv1p2.xsd">
  <metadata>
    <schema>ADL SCORM</schema>
    <schemaversion>1.2</schemaversion>
  </metadata>
  <organizations default="O@@timestamp@@">
    <organization identifier="O{{timestamp@@">
      <title>@@title@@</title>
      <item identifier="I@@timestamp@@" identifierref="R@@timestamp@@" isvisible="true">
        <title>@@title@@</title>
      </item>
    </organization>
  </organizations>
  <resources>
    <resource identifier="R@@timestamp@@" type="webcontent" adlcp:scormtype="sco" href="index.html">
      <file href="index.html" />
      <file href="sco_api.js" />
      <file href="youtube.js" />
    </resource>
  </resources>
</manifest>